id,estado,tipo_plantilla,titulo,hook,descripcion,hashtags,fecha_creacion,fecha_realizado,imagen_url,plantilla_referencia,idea_imagen,texto_imagen,imagen_json,notas_plantilla
PGAS-IDEA-001,realizado,base_3_cards,Tu web existe pero Google no la recomienda,"Tu web *existe*, pero Google no la recomienda","SEO para tu web: estar publicada no significa que Google la recomiende. Una página puede existir, tener diseño, dominio, fotos y servicios cargados, pero seguir siendo invisible si no está construida para ser encontrada. Google no posiciona sitios solo porque estén online; los recomienda cuando entiende qué ofreces, para quién es, en qué ubicación trabajas y qué búsqueda resuelves mejor que otras opciones. Por eso muchas empresas se preguntan: ¿por qué mi web no aparece en Google?, ¿cómo hacer que mi página salga en Google?, ¿qué es el posicionamiento SEO para pymes?

El problema suele estar en la estructura SEO: títulos genéricos, páginas sin intención clara, servicios mezclados, textos que hablan de la empresa pero no responden dudas reales, URLs poco descriptivas y falta de contenido útil. Si vendes desarrollo web en Chile, auditoría SEO, servicios para pymes o ecommerce, cada página debe ayudar a Google y al usuario a entender rápido la oferta. Un error común es publicar una web bonita y asumir que eso basta. Otro es escribir solo “somos expertos” sin explicar precios, procesos, beneficios, casos, preguntas frecuentes o diferencias frente a la competencia.

Ser encontrable implica responder búsquedas concretas como “mejor agencia SEO en Chile”, “SEO para mi negocio local”, “cómo mejorar mi página web” o “por qué no llegan clientes desde Google”. Si tu sitio no responde esas preguntas, Google tiene pocas razones para mostrarlo. Escríbenos por DM a PGAS y revisamos tu web con una auditoría inicial.",#pgas #seo #posicionamientoweb #marketingdigital #paginasweb,2026-06-18,2026-06-18,dist/PGAS-IDEA-001.png,pgas_variants/01_base_3_cards.svg,"Visual comparativo de una web que esta online pero sigue invisible: tres cards muestran publicado, sin estructura SEO y sin respuestas claras para Google.","Titulo: Tu web existe, pero Google no la recomienda | Card 1: Publicada no es posicionada | Card 2: Sin SEO basico | Card 3: No responde busquedas | Cierre: Publicar no basta.","{""badge"":""SEO · Visibilidad"",""subtitle"":""Estar publicada no es lo mismo que ser encontrada."",""cards"":[{""icon"":""globe"",""title"":""Publicada ≠ posicionada"",""text"":""Existir online no te hace visible.""},{""icon"":""search"",""title"":""Sin estructura SEO"",""text"":""Google no entiende qué ofreces.""},{""icon"":""help"",""title"":""No responde búsquedas"",""text"":""Si no respondes, no te recomienda.""}],""note"":""Publicar no basta: hay que ser encontrable."",""cta"":{""title"":""Hablemos de tu web"",""sub"":""Escríbeme por DM y te oriento.""}}","Usar base_3_cards con tres cards centrales, iconos tipo Globe, Search y CircleHelp; mantener fondo claro PGAS, header SEO AEO GEO y CTA inferior."
PGAS-IDEA-002,realizado,mito_realidad,Mito: el SEO es solo poner palabras clave,El SEO *no* es repetir palabras clave,"SEO moderno no es repetir palabras clave hasta que Google se canse. Ese mito quedó atrás porque los buscadores ya no leen una web como una lista de términos sueltos; interpretan intención de búsqueda, contexto, autoridad, experiencia del usuario y claridad de la respuesta. Poner “SEO en Chile” veinte veces en una página no garantiza posicionamiento. De hecho, puede hacer que el texto suene forzado, confuso y poco confiable para la persona que realmente quieres convertir en cliente.

La realidad es que una estrategia SEO efectiva responde preguntas como ¿qué es SEO y para qué sirve?, ¿cómo mejorar el posicionamiento web?, ¿cuánto demora el SEO en Chile?, ¿qué keywords usar para una pyme? y ¿por qué mi web no aparece en Google? Las palabras clave importan, pero funcionan mejor cuando están conectadas con temas, secciones claras, encabezados útiles, enlaces internos, contenido profundo y señales de confianza. Por ejemplo, una página de “desarrollo web para pymes” no debería repetir esa frase sin sentido; debería explicar qué incluye el servicio, qué problemas resuelve, qué errores evitar, cómo se mide el rendimiento y por qué una web rápida ayuda a vender más.

El error común es optimizar palabras en vez de optimizar decisiones. El usuario no busca solo una keyword: busca comparar, entender, confiar y actuar. Por eso el SEO, AEO y GEO se trabajan con contenido que responde bien, estructura que ordena y experiencia que facilita el camino. Guarda este post y sigue a PGAS para aprender SEO sin mitos.",#pgas #seo #posicionamientoweb #marketingdigital #emprendedores,2026-06-18,2026-06-18,dist/PGAS-IDEA-002.png,pgas_variants/05_mito_realidad.svg,"Dos columnas fuertes: izquierda desmonta la idea de repetir keywords; derecha muestra SEO moderno como estrategia completa de claridad, estructura y confianza.","Mito: SEO es repetir palabras clave | Realidad: SEO moderno entiende intencion, estructura y confianza | Cierre: No optimices palabras, optimiza decisiones.","{""badge"":""Mito SEO"",""subtitle"":""Repetir keywords ya no posiciona."",""mito"":""SEO es repetir palabras clave en toda la web."",""realidad"":""SEO moderno entiende intención, estructura y confianza."",""cierre"":""No optimices palabras: optimiza decisiones."",""cta"":{""title"":""Sígueme para más"",""sub"":""SEO, AEO y GEO sin enredos.""}}",Usar mito_realidad con contraste rojo suave para mito y azul/turquesa para realidad; incluir iconos AlertCircle y BadgeCheck.
PGAS-IDEA-003,realizado,piramide,La piramide SEO que toda web deberia tener,La *pirámide SEO* que tu web necesita,"La pirámide SEO que tu web necesita empieza por una base técnica estable. Antes de pensar en contenidos, blogs o keywords, tu sitio debe cargar rápido, poder indexarse, verse bien en celular, tener URLs limpias y no bloquear a Google por errores técnicos. Si la base falla, todo lo demás pierde fuerza. Es como intentar posicionar una tienda con buena vitrina, pero con la puerta cerrada. Por eso aparecen dudas reales como ¿por qué mi web no aparece en Google?, ¿cómo saber si mi página está indexada?, ¿qué es una auditoría SEO técnica?

La segunda capa es la estructura: páginas claras, servicios separados, títulos SEO coherentes, encabezados ordenados y rutas que permitan entender la oferta. Una pyme que vende mantenimiento web, desarrollo web y SEO local no debería meter todo en una sola página genérica. Cada servicio necesita explicar a quién ayuda, qué incluye, qué resultados busca y qué preguntas responde. Aquí también entran búsquedas como “SEO para pymes”, “mejor agencia SEO en Chile”, “cómo mejorar mi sitio web” y “cuánto cuesta posicionar una página”.

La capa superior es el contenido que responde búsquedas. No se trata de escribir por escribir, sino de resolver intención: guías, comparativas, preguntas frecuentes, casos, ejemplos y contenidos que puedan ser entendidos por Google, por usuarios y también por sistemas de inteligencia artificial. Un error común es crear artículos sueltos sin conexión con las páginas comerciales. El SEO se construye por capas, no por impulsos. Guarda este post y sigue a PGAS para aprender a ordenar tu posicionamiento web.",#pgas #seo #seotecnico #posicionamientoweb #paginasweb,2026-06-18,2026-06-18,dist/PGAS-IDEA-003.png,pgas_variants/02_piramide.svg,Piramide de tres niveles que explica que el posicionamiento parte desde una base tecnica y sube hacia contenido y mejora continua.,"Nivel 1: Base tecnica estable | Nivel 2: Estructura y paginas claras | Nivel 3: Contenido que responde busquedas | Cierre: Si la base falla, el SEO pierde fuerza.","{""badge"":""SEO técnico"",""subtitle"":""El posicionamiento se construye por capas."",""pyramid"":{""top"":""Contenido que responde búsquedas"",""mid"":""Estructura y páginas claras"",""base"":""Base técnica estable""},""cierre"":""Si la base falla, el SEO pierde fuerza."",""cta"":{""title"":""Guarda este post"",""sub"":""y revísalo con tu web al lado.""}}","Usar piramide con bloques anchos y numerados; ideal con iconos Wrench, LayoutTemplate y FileText si se agregan."
PGAS-IDEA-004,realizado,checklist,Checklist rapido antes de pagar anuncios,"Antes de pagar anuncios, *revisa esto*","Anuncios en Google o redes no arreglan una web confusa. Antes de pagar tráfico, revisa si tu sitio puede convertir esas visitas en oportunidades reales. Muchas pymes invierten en campañas, clics y presupuesto mensual, pero mandan a la gente a una página lenta, genérica o difícil de entender. El resultado es frustrante: suben las visitas, pero no llegan cotizaciones. Ahí aparecen preguntas como ¿por qué mis anuncios no venden?, ¿cómo mejorar mi página antes de invertir?, ¿qué necesita una landing page para convertir?

El checklist básico empieza por la velocidad: si tu web demora demasiado, pierdes usuarios antes de explicar tu oferta. Luego viene la claridad: ¿se entiende en cinco segundos qué vendes, para quién y por qué deberían elegirte? También importan los títulos SEO, porque ayudan a Google y al usuario a reconocer el contenido de cada página. Una página de “servicios digitales” puede sonar elegante, pero una de “SEO para pymes en Chile” responde mejor una búsqueda concreta. Después revisa si tu web responde dudas reales: ¿cuánto cuesta?, ¿qué incluye?, ¿cómo es el proceso?, ¿sirve para mi rubro?, ¿cuánto demora?

El error común es pensar que más presupuesto compensa una mala experiencia. Si el formulario está escondido, el mensaje no convence, el celular se ve mal o no hay llamados a la acción, el tráfico pagado se desperdicia. Primero arregla la web, después invierte. Escríbenos por DM a PGAS y hacemos una revisión de tu sitio antes de que sigas gastando en anuncios.",#pgas #publicidaddigital #paginasweb #masventas #seochile,2026-06-18,2026-06-18,dist/PGAS-IDEA-004.png,pgas_variants/03_checklist.svg,"Checklist tipo auditoria previa a anuncios, con cinco filas marcables y una advertencia visual sobre no enviar trafico a una web confusa.",Titulo: Antes de pagar anuncios revisa esto | 1 Carga rapido | 2 Explica la oferta | 3 Tiene titulos SEO | 4 Responde dudas | 5 Convierte visitas | Cierre: Primero arregla la web.,"{""badge"":""Checklist · Anuncios"",""subtitle"":""El tráfico pagado no arregla una web confusa."",""items"":[""¿Carga rápido?"",""¿Explica tu oferta?"",""¿Tiene títulos SEO?"",""¿Responde dudas?"",""¿Convierte visitas?""],""note"":""Primero arregla la web, después invierte."",""cta"":{""title"":""Solicita tu auditoría"",""sub"":""Escríbeme por DM y revisamos tu caso.""}}","Usar checklist con cinco checks; mantener tono educativo, no agresivo; cierre en banda inferior."
PGAS-IDEA-005,realizado,proceso,Como hacemos una auditoria web en 5 pasos,Una auditoría web en *5 pasos*,"Una auditoría web en 5 pasos evita cambiar tu sitio a ciegas. Antes de rediseñar, escribir más contenido o pagar campañas, conviene diagnosticar qué está frenando el rendimiento. En PGAS partimos revisando indexación: si Google puede encontrar tus páginas, si hay errores en Search Console, si existen páginas duplicadas o si contenidos importantes quedaron fuera del índice. Esta etapa responde preguntas frecuentes como ¿por qué mi web no aparece en Google?, ¿cómo saber si Google indexó mi página?, ¿qué significa indexación SEO?

Después analizamos velocidad y experiencia, especialmente en celular, porque una web lenta reduce conversiones y afecta el posicionamiento. Luego revisamos estructura SEO: títulos, metas, encabezados, URLs, enlaces internos, arquitectura de servicios y coherencia entre lo que vendes y lo que la gente busca. No es lo mismo decir “soluciones digitales” que tener páginas claras para “desarrollo web en Chile”, “SEO para pymes”, “auditoría SEO” o “optimización de sitios web”. El cuarto paso es contenido y conversión: evaluamos si la página explica bien la oferta, responde dudas, genera confianza y guía hacia una acción.

Finalmente miramos AEO y GEO: si tus contenidos responden preguntas de forma clara, si pueden ser citados por Google, asistentes de IA o resultados generativos, y si tu marca queda asociada a temas relevantes. Un error común es rediseñar solo lo visual sin entender qué falla. El diagnóstico ordena prioridades y evita gastar dos veces. Escríbenos por DM a PGAS y pedimos los datos básicos para revisar tu web con criterio SEO, AEO y conversión.",#pgas #auditoriaseo #paginasweb #pymes #seochile,2026-06-18,2026-06-18,dist/PGAS-IDEA-005.png,pgas_variants/04_proceso.svg,"Linea vertical de proceso con pasos de auditoria, mostrando que PGAS revisa tecnica, contenido, conversion y oportunidades para IA.",Paso 1 Indexacion | Paso 2 Velocidad | Paso 3 Estructura SEO | Paso 4 Contenido y conversion | Paso 5 AEO y GEO | Cierre: Diagnostico antes de cambiar.,"{""badge"":""Auditoría web"",""subtitle"":""Así revisamos tu sitio antes de cambiar nada."",""steps"":[""Indexación"",""Velocidad"",""Estructura SEO"",""Contenido y conversión"",""AEO y GEO""],""cierre"":""Diagnóstico antes de rediseñar."",""cta"":{""title"":""Solicita tu auditoría"",""sub"":""Escríbeme por DM y revisamos tu caso.""}}","Usar proceso; si la plantilla admite 4 pasos, combinar Contenido + conversion y dejar AEO/GEO como cierre destacado."
PGAS-IDEA-006,realizado,base_3_cards,AEO: la nueva forma de responder antes que vender,AEO: *responde* antes de vender,"AEO es responder mejor antes de intentar vender. Answer Engine Optimization significa optimizar tu contenido para motores de respuesta: Google, resultados enriquecidos, asistentes de inteligencia artificial y buscadores que ya no solo muestran enlaces, sino respuestas directas. Esto importa porque tus clientes no siempre escriben búsquedas perfectas; preguntan cosas como ¿qué es AEO?, ¿cómo aparecer en respuestas de Google?, ¿cómo hacer que la IA recomiende mi empresa?, ¿qué agencia SEO trabaja AEO en Chile?

La base del AEO son preguntas reales, no supuestos internos. Una empresa puede querer hablar de su trayectoria, pero el usuario necesita saber cuánto cuesta un servicio, qué incluye, qué diferencia hay entre SEO y SEM, cuánto demora posicionar una web, qué errores evitar o cuál es la mejor opción para una pyme. Luego vienen respuestas claras: párrafos directos, definiciones simples, ejemplos concretos, tablas cuando sirven, preguntas frecuentes y páginas bien estructuradas. Si vendes desarrollo web, no basta con decir “creamos sitios profesionales”; conviene explicar qué hace que una web sea rápida, indexable, fácil de administrar y preparada para SEO.

También importa que el contenido sea fácil de citar. Google y la IA prefieren información ordenada, verificable, específica y consistente con el resto del sitio. Un error común es escribir textos muy comerciales que prometen mucho, pero responden poco. La claridad también posiciona porque ayuda a la persona, al buscador y a los sistemas generativos a entender tu valor. Guarda este post y sigue a PGAS para aprender cómo preparar tu contenido para SEO, AEO y GEO.",#pgas #aeo #seo #inteligenciaartificial #marketingdigital,2026-06-18,2026-06-18,dist/PGAS-IDEA-006.png,pgas_variants/01_base_3_cards.svg,"Tres cards explican AEO como el puente entre preguntas reales, respuestas claras y posibilidad de aparecer en motores de respuesta.",Titulo: AEO: responde antes de vender | Card 1: Preguntas reales | Card 2: Respuestas claras | Card 3: Facil de citar | Cierre: La claridad tambien posiciona.,"{""badge"":""AEO"",""subtitle"":""Responder mejor que la competencia también vende."",""cards"":[{""icon"":""help"",""title"":""Preguntas reales"",""text"":""Lo que tus clientes ya buscan.""},{""icon"":""chat"",""title"":""Respuestas claras"",""text"":""Información fácil de entender.""},{""icon"":""quote"",""title"":""Fácil de citar"",""text"":""Para Google y para la IA.""}],""note"":""La claridad también posiciona."",""cta"":{""title"":""Sígueme para más"",""sub"":""SEO, AEO y GEO sin enredos.""}}","Usar base_3_cards con iconos MessageSquare, CircleHelp y Quote; priorizar texto simple para publico no tecnico."
PGAS-IDEA-007,realizado,mito_realidad,Mito: ChatGPT reemplaza tu pagina web,ChatGPT *no* reemplaza tu web,"ChatGPT no reemplaza tu web: la IA necesita una fuente clara, verificable y bien estructurada para entender tu negocio y recomendarlo. El mito de “con ChatGPT ya no necesito página web” nace de pensar que la inteligencia artificial inventa respuestas desde cero, pero en realidad los sistemas de búsqueda con IA, los asistentes y los motores generativos se apoyan en señales públicas: contenido, entidades, datos, autoridad, experiencia y coherencia entre lo que dices en tu sitio, Google Business Profile, redes y otros canales.

Si alguien escribe “¿qué es SEO para pymes?”, “cómo aparecer en ChatGPT”, “mejor agencia SEO en Chile” o “por qué mi web no aparece en Google”, la IA va a preferir fuentes que pueda leer, comparar y citar. Una página confusa, sin servicios claros, sin preguntas frecuentes, sin casos, sin ubicación, sin contenido útil o con textos genéricos le entrega pocas razones para mencionarte. No basta con tener una web bonita: debe explicar qué vendes, para quién trabajas, qué problema resuelves, en qué ciudad o mercado operas y por qué eres confiable.

El error común es tratar la web como un folleto estático o como una tarjeta de presentación. Hoy tu sitio también es una fuente de datos para SEO, AEO y GEO: Google, ChatGPT, Gemini y otros sistemas necesitan entenderte. Si tu web no tiene arquitectura, contenido y señales de confianza, pierdes visibilidad antes de competir. Guarda este post y sigue a PGAS para aprender cómo hacer que tu web sea entendible para buscadores e inteligencia artificial.",#pgas #chatgpt #inteligenciaartificial #aeo #paginasweb,2026-06-18,2026-06-18,dist/PGAS-IDEA-007.png,pgas_variants/05_mito_realidad.svg,"Contraste entre el mito de abandonar la web por IA y la realidad de que la IA necesita una fuente propia clara, estructurada y confiable.","Mito: ChatGPT reemplaza tu web | Realidad: ChatGPT necesita fuentes claras | Cierre: Tu web sigue siendo la base de SEO, AEO y GEO.","{""badge"":""Mito · IA"",""subtitle"":""La IA necesita una fuente que pueda entender."",""mito"":""Con ChatGPT ya no necesito página web."",""realidad"":""La IA necesita tu web clara para recomendarte."",""cierre"":""Sin web clara, la IA no puede citarte."",""cta"":{""title"":""Sígueme para más"",""sub"":""SEO, AEO y GEO sin enredos.""}}","Usar mito_realidad con una mini tarjeta final: Si una IA no encuentra claridad, no puede recomendarte."
PGAS-IDEA-008,realizado,checklist,5 preguntas que tu web debe responder,¿Tu web responde estas *5 preguntas*?,"Tu web debe responder estas 5 preguntas en segundos si quieres convertir visitas en clientes y ser entendida por Google y la IA. Cuando una persona entra a tu sitio, no quiere descifrar tu negocio: quiere saber rápido qué vendes, para quién es, qué problema resuelves, por qué debería confiar y cómo contactarte. Lo mismo ocurre con los motores de búsqueda y los sistemas de respuesta: si la información está escondida, desordenada o escrita solo con frases bonitas, se pierde claridad.

Piensa en búsquedas reales como “servicio SEO para pymes”, “desarrollo web en Chile”, “cómo mejorar mi posicionamiento en Google”, “por qué mi web no recibe contactos” o “mejor agencia SEO en Chile”. Si tu página no conecta esas dudas con respuestas concretas, estás dejando espacio para que otro competidor sea más fácil de recomendar. Ejemplo: no es lo mismo decir “transformamos marcas digitales” que explicar “ayudamos a empresas chilenas a aparecer en Google, mejorar su contenido y convertir más visitas en cotizaciones”. La segunda frase orienta, posiciona y reduce fricción.

Errores comunes: esconder el botón de contacto, hablar demasiado de la empresa antes de hablar del problema del cliente, usar títulos repetidos, no mencionar servicios específicos, no indicar ubicación o trabajar con textos que no responden preguntas. Una web clara no es más larga porque sí: es más útil, más escaneable y más convincente. Si tu sitio falla en una de estas respuestas, conviene revisarlo. Escríbele por DM a PGAS para una auditoría o revisión de tu web.",#pgas #seo #paginasweb #marketingdigital #emprendedores,2026-06-18,2026-06-19,dist/PGAS-IDEA-008.png,pgas_variants/03_checklist.svg,"Checklist de claridad web con cinco preguntas esenciales, presentado como test rapido para usuarios, Google y motores de IA.","Titulo: Tu web responde estas 5 preguntas? | 1 Que vendes | 2 Para quien es | 3 Que problema resuelves | 4 Por que confiar | 5 Como contactarte | Cierre: Si falta una, hay friccion.","{""badge"":""Checklist · Claridad web"",""subtitle"":""Si no las responde en segundos, pierdes clientes y recomendación de la IA."",""items"":[""¿Qué vendes?"",""¿Para quién es?"",""¿Qué problema resuelves?"",""¿Por qué confiar en ti?"",""¿Cómo contactarte?""],""note"":""Si falta una sola respuesta, ya hay fricción."",""cta"":{""title"":""Hablemos de tu web"",""sub"":""Escríbeme por DM y te oriento.""}}",Usar checklist con checks grandes; puede parecer una mini auditoria visual de claridad.
PGAS-IDEA-009,realizado,piramide,GEO explicado con una piramide simple,*GEO* explicado en una pirámide,"GEO explicado en una pirámide significa ordenar tu presencia digital para que la inteligencia artificial pueda entenderte, verificarte y recomendarte. GEO, o Generative Engine Optimization, no es hacer trucos para ChatGPT ni repetir palabras clave sin sentido. Es construir una base confiable: primero una fuente clara, luego datos y contenido estructurado, y recién después la posibilidad de aparecer en respuestas generadas por IA, asistentes conversacionales y buscadores con resultados resumidos.

La base de la pirámide es la fuente confiable: tu web, tus servicios, tu información de contacto, tu experiencia, tus casos, tus páginas de preguntas frecuentes y la consistencia con otros perfiles. En el nivel siguiente aparecen los datos estructurados, la arquitectura del sitio, el SEO técnico, los contenidos AEO para responder preguntas y señales que ayudan a interpretar entidades. Arriba está la recomendación: cuando alguien pregunta “¿qué es GEO?”, “cómo aparecer en ChatGPT”, “cómo optimizar mi web para inteligencia artificial”, “SEO vs GEO cuál es la diferencia” o “mejor estrategia SEO para pymes en Chile”, la IA necesita elegir fuentes que pueda justificar.

El error común es querer estar en la punta de la pirámide sin trabajar la base. Publicar mucho contenido sin orden, usar textos vagos, copiar respuestas de IA o no demostrar autoridad puede generar volumen, pero no confianza. GEO funciona cuando tu sitio dice con precisión quién eres, qué haces, para quién lo haces y por qué tu información merece ser usada. No se trata de perseguir al algoritmo, sino de ser una fuente clara. Guarda este post y sigue a PGAS para aprender más sobre SEO, AEO y GEO aplicado a negocios reales.",#pgas #geo #inteligenciaartificial #seo #marketingdigital,2026-06-18,2026-06-19,dist/PGAS-IDEA-009.png,pgas_variants/02_piramide.svg,Piramide GEO que sube desde fuente confiable hacia contenido estructurado y recomendacion por motores generativos.,Nivel 1: Fuente confiable | Nivel 2: Datos y contenido estructurado | Nivel 3: Recomendacion en IA | Cierre: La IA recomienda lo que puede entender.,"{""badge"":""GEO"",""subtitle"":""La IA recomienda lo que puede entender y verificar."",""pyramid"":{""top"":""Recomendación en la IA"",""mid"":""Datos y contenido estructurado"",""base"":""Fuente confiable""},""cierre"":""GEO no son trucos: es confianza."",""cta"":{""title"":""Sígueme para más"",""sub"":""SEO, AEO y GEO sin enredos.""}}","Usar piramide; resaltar GEO en el hero y usar lenguaje simple, sin tecnicismos excesivos."
PGAS-IDEA-010,realizado,proceso,De web invisible a web encontrable,De web *invisible* a web encontrable,"De web invisible a web encontrable es una transformación que se logra con diagnóstico, estructura, contenido SEO y medición constante. Muchas empresas publican una página y esperan que lleguen visitas, pero Google y la inteligencia artificial no premian solo “estar online”. Necesitan comprender qué ofrece tu negocio, qué intención de búsqueda resuelve, qué páginas son importantes y qué señales demuestran que eres una opción confiable frente a otras alternativas.

El proceso parte con un diagnóstico: revisar si tu web indexa, si carga rápido, si tiene títulos únicos, si responde a búsquedas como “servicio SEO en Chile”, “desarrollo web para pymes”, “cómo aparecer en Google” o “por qué mi web no aparece en Google”. Luego viene la estructura: ordenar servicios, categorías, enlaces internos, llamados a la acción y jerarquía de contenidos. Después entra el contenido SEO y AEO: páginas que responden preguntas reales, explican beneficios, muestran ejemplos, resuelven objeciones y ayudan tanto a personas como a motores de respuesta. Finalmente, medición y ajustes: Search Console, Analytics, conversiones, rankings y consultas que revelan qué mejorar.

Errores comunes: rediseñar sin revisar datos, escribir solo para sonar profesional, tener una sola página para todos los servicios, no medir formularios o creer que el SEO se hace una vez. Una web encontrable es una web que se entiende, se rastrea, se responde y se corrige con evidencia. Pasar de publicar a ser encontrado requiere método. Escríbele por DM a PGAS para una auditoría o revisión de tu web y detectar qué está frenando tu visibilidad.",#pgas #seo #posicionamientoweb #paginasweb #emprendedores,2026-06-18,2026-06-19,dist/PGAS-IDEA-010.png,pgas_variants/04_proceso.svg,"Proceso tipo antes-despues: una web invisible avanza por diagnostico, estructura, contenido y medicion hasta ser mas encontrable.",Paso 1 Diagnostico | Paso 2 Estructura | Paso 3 Contenido SEO/AEO | Paso 4 Medicion y ajustes | Cierre: De publicar a ser encontrado.,"{""badge"":""SEO · Proceso"",""subtitle"":""Una transformación con orden, no con magia."",""steps"":[""Diagnóstico"",""Estructura"",""Contenido SEO y AEO"",""Medición y ajustes""],""cierre"":""De publicar a ser encontrado."",""cta"":{""title"":""Hablemos de tu web"",""sub"":""Escríbeme por DM y te oriento.""}}","Usar proceso con linea central; primer paso debe comunicar problema, ultimo paso resultado medible."
PGAS-IDEA-011,realizado,base_3_cards,Tu home no deberia hablar solo de ti,Tu home *no* debería hablar solo de ti,"Tu home no debería hablar solo de ti: debería orientar al cliente desde el primer segundo. La portada de una web no es un discurso institucional ni una vitrina para decir “somos líderes” sin contexto. Es el punto donde una persona decide si entiende tu propuesta, si confía en tu solución y si vale la pena seguir navegando o contactarte. Para SEO, AEO y GEO, la home también ayuda a los buscadores y a la IA a interpretar tu negocio, tus servicios, tu mercado y tu relevancia.

Una buena home responde preguntas reales: “¿qué vende esta empresa?”, “¿para quién es este servicio?”, “qué problema resuelve”, “cómo contratar”, “agencia SEO para pymes en Chile”, “desarrollo web profesional para empresas” o “por qué mi web no genera clientes”. El enfoque correcto es cliente primero: hablar del dolor, la necesidad o la meta que trae esa persona. Después, problema claro: explicar en una frase qué resuelves. Luego, solución visible: mostrar servicios, pruebas de confianza, casos, beneficios y un siguiente paso obvio. No se trata de esconder quién eres, sino de presentar tu experiencia en función de lo que el usuario necesita decidir.

Errores comunes: abrir con frases genéricas, poner un slider que nadie lee, usar jerga interna, esconder servicios debajo de muchas secciones, no tener CTA visible o dedicar toda la portada a la historia de la empresa. La home responde antes de presentarse. Cuando está bien construida, mejora la experiencia, reduce rebote y le da más contexto a Google y a la IA. Escrílele por DM a PGAS para una revisión de tu home y detectar si está orientando o perdiendo clientes.",#pgas #marketingdigital #paginasweb #copywriting #emprendedores,2026-06-18,2026-06-19,dist/PGAS-IDEA-011.png,pgas_variants/01_base_3_cards.svg,"Tres cards cambian el foco desde nosotros hacia cliente, problema y solucion; se ve como una home que aprende a responder mejor.","Titulo: Tu home no deberia hablar solo de ti | Card 1: Cliente primero | Card 2: Problema claro | Card 3: Solucion visible | Cierre: La home debe orientar, no presumir.","{""badge"":""Conversión"",""subtitle"":""Tu portada debe orientar, no presumir."",""cards"":[{""icon"":""users"",""title"":""Cliente primero"",""text"":""Habla de su problema, no de ti.""},{""icon"":""target"",""title"":""Problema claro"",""text"":""Qué resuelves, en una frase.""},{""icon"":""sparkles"",""title"":""Solución visible"",""text"":""Y el siguiente paso, obvio.""}],""note"":""La home responde, no se presenta."",""cta"":{""title"":""Hablemos de tu web"",""sub"":""Escríbeme por DM y te oriento.""}}","Usar base_3_cards; iconos UserRound, Target y Sparkles; evitar texto largo en cards."
PGAS-IDEA-012,realizado,checklist,Senales de que necesitas una auditoria SEO,Señales de que necesitas una *auditoría SEO*,"Una auditoría SEO es necesaria cuando tu web muestra señales de baja visibilidad, poco tráfico orgánico o falta de contactos. No siempre el problema es “necesito más publicaciones” o “hay que rediseñar todo”. Muchas veces el sitio tiene fallas de base: páginas que Google no entiende, servicios sin keyword clara, títulos duplicados, velocidad lenta, contenido superficial, formularios con fricción o una estructura que no conecta con lo que la gente realmente busca.

Si marcas dos o más señales, conviene revisar: no llegan visitas orgánicas, no apareces por tus servicios, la web carga lento, los títulos se repiten o no llegan contactos. Detrás de eso puede haber problemas técnicos, de arquitectura, de contenido SEO, de intención de búsqueda o de medición. Preguntas típicas que revelan el problema son “por qué mi web no aparece en Google”, “cómo saber si necesito SEO”, “auditoría SEO para pymes”, “cómo mejorar el posicionamiento web”, “mi página no genera clientes” o “mejor agencia SEO en Chile”. Una auditoría ordena esas dudas con datos, no con suposiciones.

Errores comunes: cambiar textos sin revisar Search Console, instalar plugins esperando resultados automáticos, crear muchas páginas parecidas, no medir conversiones, ignorar la versión móvil o evaluar el SEO solo por visitas y no por consultas, leads y oportunidades reales. Una auditoría SEO debe mostrar qué está fallando, qué impacto tiene y qué priorizar primero. Es el mapa antes de invertir tiempo y presupuesto. Escrílele por DM a PGAS para una auditoría o revisión SEO de tu web.",#pgas #auditoriaseo #posicionamientoweb #pymes #seochile,2026-06-18,2026-06-19,dist/PGAS-IDEA-012.png,pgas_variants/03_checklist.svg,Checklist de sintomas SEO con filas tipo alerta suave; ayuda a que el usuario identifique si debe pedir una auditoria.,Titulo: Necesitas auditoria SEO si... | 1 No llegan visitas organicas | 2 No apareces por tus servicios | 3 La web carga lento | 4 Titulos repetidos | 5 No llegan contactos | Cierre: 2 o mas senales = revisar.,"{""badge"":""Auditoría SEO"",""subtitle"":""Si marcas dos o más, conviene revisar."",""items"":[""No llegan visitas orgánicas"",""No apareces por tus servicios"",""La web carga lento"",""Títulos repetidos"",""No llegan contactos""],""note"":""2 o más señales = hora de auditar."",""cta"":{""title"":""Solicita tu auditoría"",""sub"":""Escríbeme por DM y revisamos tu caso.""}}","Usar checklist; alternar iconos check/alerta si se puede, manteniendo estilo limpio PGAS."
PGAS-IDEA-013,realizado,mito_realidad,Mito: una web nueva se posiciona sola,Una web nueva *no* se posiciona sola,"Una web nueva no se posiciona sola: publicarla no significa que Google la entienda, la indexe bien ni la muestre cuando alguien busca tus servicios. Este mito es muy común en empresas, emprendedores y pymes en Chile: se invierte en diseño web, se sube el sitio, se comparte el link y luego aparece la pregunta incómoda: ¿por qué mi web no aparece en Google? La respuesta suele estar en tres puntos: indexación, estructura SEO y contenido con intención de búsqueda. Google necesita rastrear tus páginas, entender de qué trata cada una y encontrar señales claras para decidir cuándo mostrarlas.

Lanzar bien una página web implica revisar títulos, metadescripciones, URLs, velocidad, jerarquía de encabezados, enlazado interno, páginas de servicio, contenido local y preguntas frecuentes. Por ejemplo, no es lo mismo tener una página que diga “soluciones digitales” que una página optimizada para “desarrollo web para pymes”, “agencia SEO en Chile” o “cómo posicionar mi negocio en Google”. Errores comunes: dejar textos genéricos, no conectar Search Console, bloquear el sitio por accidente, copiar contenido de otra web o no crear páginas específicas para cada servicio. Una web nueva puede crecer, pero necesita estrategia desde el primer día. Guarda este post y sigue a PGAS para aprender más sobre SEO, AEO, GEO y desarrollo web.",#pgas #seo #paginasweb #emprendedores #posicionamientoweb,2026-06-18,2026-06-19,dist/PGAS-IDEA-013.png,pgas_variants/05_mito_realidad.svg,"Mito y realidad sobre lanzar una web: una columna muestra la creencia de que publicar basta; la otra muestra indexacion, contenido y estructura.","Mito: Una web nueva se posiciona sola | Realidad: Necesita indexacion, estructura y contenido con intencion | Cierre: Lanzar bien evita empezar invisible.","{""badge"":""Mito SEO"",""subtitle"":""Publicar no es lo mismo que posicionar."",""mito"":""Lanzo mi web y Google la posiciona sola."",""realidad"":""Necesita indexación, estructura y contenido con intención."",""cierre"":""Lanzar bien evita empezar invisible."",""cta"":{""title"":""Sígueme para más"",""sub"":""SEO, AEO y GEO sin enredos.""}}",Usar mito_realidad; buen cierre con icono Rocket o SearchCheck en tarjeta inferior.
PGAS-IDEA-014,realizado,proceso,Pack completo: web + SEO + AEO + GEO,Web + SEO + AEO + GEO en *un solo pack*,"Web + SEO + AEO + GEO en un solo pack significa construir una base digital completa, no juntar piezas sueltas después de lanzar. Una web bonita ayuda, pero si no tiene estructura SEO, contenido útil, respuestas claras y señales para buscadores e inteligencia artificial, se queda corta. Muchas empresas preguntan “cómo hacer que mi página aparezca en Google”, “qué necesita una web para vender”, “mejor agencia SEO en Chile para pymes” o “cómo salir en respuestas de IA”. La respuesta parte antes del diseño final: arquitectura, intención de búsqueda, servicios bien separados, contenido experto y llamadas a la acción coherentes.

El SEO permite que te encuentren en Google; el AEO ayuda a responder preguntas concretas como “qué es una auditoría SEO” o “cuánto cuesta una página web para empresa”; y el GEO prepara tu contenido para que modelos de IA entiendan quién eres, qué haces, dónde operas y por qué deberían recomendarte. Un error común es crear primero la web y “ponerle SEO después”, cuando ya existen páginas duplicadas, textos vagos, menús confusos o servicios mezclados. Otro error es escribir solo para vender, sin resolver dudas reales del cliente. En PGAS conectamos desarrollo web, SEO técnico, contenido AEO y preparación GEO desde el primer día para que tu presencia digital sea clara, rastreable y útil. Escríbenos por DM a PGAS y pide una revisión inicial de tu sitio o proyecto.",#pgas #paginasweb #seo #pymes #emprendedoreschile,2026-06-18,2026-06-19,dist/PGAS-IDEA-014.png,pgas_variants/04_proceso.svg,"Proceso del pack completo como ruta integrada: web, SEO, AEO y GEO trabajan juntos en lugar de piezas sueltas.",Paso 1 Web clara | Paso 2 SEO desde la estructura | Paso 3 Respuestas AEO | Paso 4 Preparacion GEO | Cierre: Una base digital completa.,"{""badge"":""Pack PGAS"",""subtitle"":""Una base digital, no piezas sueltas."",""steps"":[""Web clara"",""SEO desde la estructura"",""Respuestas AEO"",""Preparación GEO""],""cierre"":""Todo conectado desde el primer día."",""cta"":{""title"":""Arma tu pack"",""sub"":""Escríbeme y vemos qué necesitas.""}}","Usar proceso; cada paso debe verse como modulo del pack, no como servicio aislado."
PGAS-IDEA-015,realizado,base_3_cards,"La diferencia entre SEO, AEO y GEO","*SEO, AEO y GEO* no son lo mismo","SEO, AEO y GEO no son lo mismo, pero juntos forman una estrategia moderna para que tu marca sea encontrada, entendida y recomendada. SEO es optimizar tu sitio para buscadores como Google: páginas claras, keywords relevantes, contenido útil, enlaces internos, velocidad y autoridad. AEO, o Answer Engine Optimization, se enfoca en responder preguntas específicas que la gente escribe o dicta, como “qué es SEO para pymes”, “cómo mejorar mi posicionamiento web” o “por qué mi web no aparece en Google”. GEO, Generative Engine Optimization, prepara tu contenido para que la inteligencia artificial pueda interpretar tu marca y considerarla en respuestas generadas.

La diferencia importa porque el comportamiento de búsqueda cambió. Hoy una persona puede buscar en Google “agencia SEO en Chile”, preguntarle a una IA “mejor forma de posicionar una pyme local” o revisar TikTok para entender “cómo funciona el SEO”. Si tu contenido no está estructurado, si no responde dudas reales o si tu información aparece de forma inconsistente, pierdes oportunidades. Un error común es pensar que basta con repetir keywords; otro es publicar artículos largos sin intención o crear FAQs superficiales. Lo correcto es conectar páginas de servicio, contenido educativo, pruebas de experiencia, casos, ubicación, especialidad y respuestas concretas. SEO te hace visible, AEO te hace útil y GEO te hace elegible para nuevas formas de búsqueda. Guarda este post y sigue a PGAS para aprender cómo aplicar SEO, AEO y GEO sin enredos.",#pgas #seo #aeo #geo #marketingdigital,2026-06-18,2026-06-20,dist/PGAS-IDEA-015.png,pgas_variants/01_base_3_cards.svg,"Tres tarjetas paralelas, una para SEO, una para AEO y una para GEO, explicadas con una frase clara y un cierre de complemento.","Titulo: SEO, AEO y GEO no hacen lo mismo | Card 1 SEO: Te encuentran en Google | Card 2 AEO: Respondes preguntas | Card 3 GEO: La IA te entiende | Cierre: Juntos te vuelven mas elegible.","{""badge"":""SEO · AEO · GEO"",""subtitle"":""Se complementan en una estrategia moderna."",""cards"":[{""icon"":""search"",""title"":""SEO"",""text"":""Te encuentran en Google.""},{""icon"":""chat"",""title"":""AEO"",""text"":""Respondes preguntas concretas.""},{""icon"":""brain"",""title"":""GEO"",""text"":""La IA te entiende y recomienda.""}],""note"":""Juntos te vuelven más elegible."",""cta"":{""title"":""Sígueme para más"",""sub"":""SEO, AEO y GEO sin enredos.""}}",Usar base_3_cards; esta idea calza perfecto con la plantilla existente 01_base_3_cards.
PGAS-IDEA-016,realizado,checklist,Lo minimo que debe tener una pagina de servicio,Lo mínimo que necesita tu *página de servicio*,"Una página de servicio necesita claridad que convierta, no solo texto genérico sobre lo buena que es tu empresa. Cuando alguien busca “desarrollo web para pymes”, “servicio SEO en Chile”, “agencia de marketing digital para empresas” o “cómo mejorar mi página web”, llega con una intención concreta: entender si puedes resolver su problema. Por eso, una buena página de servicio debe explicar el dolor del cliente, tu solución, beneficios concretos, proceso de trabajo, preguntas frecuentes y un CTA visible. No se trata de escribir más por escribir, sino de responder lo que la persona necesita para avanzar.

Un ejemplo simple: si vendes auditoría SEO, no basta con decir “optimizamos tu sitio”. Debes explicar qué revisas, por qué importa, qué problemas detecta una auditoría, qué recibe el cliente y qué pasa después. Preguntas como “por qué mi web no aparece en Google”, “cómo saber si mi SEO está mal”, “cuánto demora posicionar una página” o “qué debe tener una página de servicio” pueden convertirse en contenido dentro de la misma página. Errores comunes: hablar solo de la empresa, esconder precios o alcances, no mostrar el proceso, usar un CTA débil como “contáctanos” sin contexto, mezclar varios servicios en una sola URL y olvidar las FAQs. Cada página debe responder una intención de búsqueda y facilitar la decisión. Escríbenos por DM a PGAS y pide una revisión de tu página de servicio.",#pgas #paginasweb #marketingdigital #seo #emprendedores,2026-06-18,2026-06-20,dist/PGAS-IDEA-016.png,pgas_variants/03_checklist.svg,"Checklist de estructura minima para una pagina de servicio, orientada a convertir y a responder mejor en SEO/AEO.","Titulo: Tu pagina de servicio necesita esto | 1 Problema | 2 Solucion | 3 Beneficios | 4 Proceso | 5 FAQs + CTA | Cierre: Menos texto generico, mas claridad.","{""badge"":""Checklist · Servicios"",""subtitle"":""Menos texto genérico, más claridad que convierte."",""items"":[""El problema del cliente"",""Tu solución"",""Beneficios concretos"",""Tu proceso"",""FAQs y un CTA claro""],""note"":""Cada página responde una intención."",""cta"":{""title"":""Hablemos de tu web"",""sub"":""Escríbeme por DM y te oriento.""}}","Usar checklist; si hay espacio, mencionar prueba de confianza dentro del cierre o del item beneficios."
PGAS-IDEA-017,realizado,mito_realidad,Mito: mas contenido siempre es mejor,Más contenido *no* siempre es mejor,"Más contenido no siempre es mejor: publicar muchos artículos sin estrategia puede frenar tu crecimiento SEO en vez de acelerarlo. Este mito aparece mucho cuando una empresa piensa “si subo más blogs, Google me va a premiar”. En realidad, Google necesita contenido útil, conectado y alineado con una intención de búsqueda. No es lo mismo publicar diez textos parecidos sobre “marketing digital” que construir un mapa de contenidos para responder preguntas reales como “qué es SEO para pymes”, “cómo posicionar una web nueva”, “por qué mi página no aparece en Google” o “mejor estrategia SEO para empresas en Chile”.

La cantidad puede ayudar solo cuando existe calidad, estructura y propósito. Un buen contenido debe tener una keyword principal, sinónimos naturales, ejemplos, enlaces internos, una respuesta clara y relación con tus servicios. Errores comunes: crear artículos duplicados, competir contra tus propias páginas, escribir títulos atractivos pero vacíos, publicar temas que no tienen búsquedas relevantes o no actualizar contenidos antiguos. También pasa que el blog crece, pero las páginas de servicio siguen débiles, entonces el tráfico no convierte. Una estrategia moderna combina SEO, AEO y GEO: contenidos que Google pueda posicionar, respuestas que los usuarios entiendan rápido y señales claras para que la IA interprete tu experiencia. Antes de publicar más, revisa si tu contenido actual está ordenado, si responde dudas reales y si lleva al usuario hacia una acción lógica. Guarda este post y sigue a PGAS para aprender a crear contenido SEO con intención.",#pgas #seo #marketingdecontenidos #marketingdigital #posicionamientoweb,2026-06-18,2026-06-20,dist/PGAS-IDEA-017.png,pgas_variants/05_mito_realidad.svg,Mito vs realidad sobre publicar mas: visualmente contrastar volumen desordenado con mapa de contenidos conectado y orientado a intencion.,Mito: Mas contenido siempre es mejor | Realidad: Mejor contenido conectado y con intencion | Cierre: Publicar sin estrategia tambien puede confundir.,"{""badge"":""Mito · Contenido"",""subtitle"":""Cantidad no es lo mismo que crecimiento."",""mito"":""Mientras más artículos publique, mejor."",""realidad"":""Mejor contenido conectado y con intención."",""cierre"":""Publicar sin estrategia también confunde."",""cta"":{""title"":""Sígueme para más"",""sub"":""SEO, AEO y GEO sin enredos.""}}",Usar mito_realidad; la tarjeta final puede decir Calidad + arquitectura + foco comercial.
PGAS-IDEA-018,realizado,piramide,La piramide de confianza para que la IA te recomiende,La pirámide para que la *IA te recomiende*,"La pirámide de confianza para que la IA te recomiende parte con información clara, consistente y verificable sobre tu marca. No basta con tener una web activa o perfiles en redes: los sistemas de búsqueda, los asistentes de IA y los motores generativos necesitan entender quién eres, qué haces, para quién trabajas, dónde operas y por qué tu contenido es confiable. Por eso aparecen preguntas clave como “cómo lograr que la IA recomiende mi negocio”, “qué es GEO en marketing digital”, “cómo aparecer en ChatGPT o respuestas de IA” y “mejor agencia SEO y GEO en Chile”. La recomendación no ocurre por suerte; se construye con señales.

La base es tener datos consistentes: nombre de marca, servicios, ubicación, especialidad, páginas claras y contenido actualizado. Luego viene el contenido experto: guías, FAQs, casos, ejemplos, comparaciones y respuestas a problemas concretos como “por qué mi web no aparece en Google” o “cómo mejorar mi SEO local”. En la parte superior están las pruebas: testimonios, experiencia demostrable, proyectos, autoridad temática y coherencia entre web, Google Business Profile, redes y menciones externas. Errores comunes: describir servicios de forma vaga, cambiar el mensaje en cada canal, no tener páginas específicas, publicar contenido sin profundidad o no responder preguntas reales del mercado. Sin confianza, no hay recomendación; y sin claridad, la IA no tiene buenas razones para elegirte. Escríbenos por DM a PGAS y pide una auditoría para revisar si tu marca está preparada para SEO, AEO y GEO.",#pgas #geo #inteligenciaartificial #aeo #marketingdigital,2026-06-18,2026-06-20,dist/PGAS-IDEA-018.png,pgas_variants/02_piramide.svg,"Piramide de confianza GEO: la base es informacion consistente, el centro es autoridad y el nivel superior es recomendacion por IA.","Nivel 1: Informacion clara y consistente | Nivel 2: Contenido experto + pruebas | Nivel 3: Recomendacion IA | Cierre: Sin confianza, no hay recomendacion.","{""badge"":""GEO · Confianza"",""subtitle"":""La recomendación se construye con señales claras."",""pyramid"":{""top"":""Recomendación de la IA"",""mid"":""Contenido experto y pruebas"",""base"":""Información clara y consistente""},""cierre"":""Sin confianza, no hay recomendación."",""cta"":{""title"":""Solicita tu auditoría"",""sub"":""Escríbeme por DM y revisamos tu caso.""}}","Usar piramide; orientar el hero a confianza, no solo visibilidad."
PGAS-IDEA-019,realizado,proceso,Que revisar antes de redisenar tu web,"Antes de rediseñar tu web, *revisa esto*","Rediseñar tu web sin perder SEO es clave si ya tienes páginas que reciben tráfico, consultas o ventas. Antes de cambiar colores, estructura, menú o textos, revisa qué URLs están funcionando: páginas con visitas orgánicas, búsquedas que traen clientes, contenidos posicionados y formularios que convierten. Muchas empresas en Chile rediseñan su sitio completo porque “se ve antiguo”, pero eliminan secciones que Google ya entendía y terminan preguntando: ¿por qué mi web no aparece en Google?, ¿cómo recuperar tráfico SEO después de un rediseño?, ¿qué revisar antes de cambiar mi página web?

Un rediseño web profesional no parte desde lo visual, parte desde datos. Hay que mirar Google Search Console, Analytics, mapas de calor, velocidad, errores técnicos, enlaces internos, títulos SEO, metadescripciones y contenido que conviene conservar. Ejemplo concreto: si una página de “desarrollo web para pymes” recibe visitas y contactos, no debería borrarse ni cambiar de URL sin una redirección 301. Si un artículo responde “cuánto cuesta una página web en Chile” y atrae búsquedas reales, puede mejorarse, no desaparecer.

Errores comunes: lanzar el sitio nuevo sin revisar indexación, cambiar todas las URLs, dejar páginas importantes sin texto, publicar imágenes pesadas, olvidar el SEO técnico o no medir antes y después. Cambia el diseño, mejora la experiencia y moderniza tu marca, pero protege lo que ya funciona. Si estás pensando en rediseñar tu sitio, escribe por DM a PGAS para una auditoría o revisión SEO antes de mover una sola página.",#pgas #seo #paginasweb #posicionamientoweb #emprendedores,2026-06-18,2026-06-20,dist/PGAS-IDEA-019.png,pgas_variants/04_proceso.svg,"Proceso preventivo antes de redisenar una web, con foco en no perder trafico, busquedas utiles ni contenido que ya funciona.",Paso 1 Paginas con trafico | Paso 2 Busquedas que funcionan | Paso 3 Errores tecnicos | Paso 4 Contenido que conservar | Cierre: Redisena sin perder SEO.,"{""badge"":""Rediseño · SEO"",""subtitle"":""Cambia el diseño sin perder lo que ya funciona."",""steps"":[""Páginas con tráfico"",""Búsquedas que funcionan"",""Errores técnicos"",""Contenido que conservar""],""cierre"":""Rediseña sin perder SEO."",""cta"":{""title"":""Hablemos de tu web"",""sub"":""Escríbeme por DM y te oriento.""}}",Usar proceso; puede tener tono de advertencia suave para captar empresas antes de migrar.
PGAS-IDEA-020,realizado,base_3_cards,"Si tu web no convierte, no siempre falta trafico","Si tu web no convierte, *no siempre falta tráfico*","Conversión web no depende solo del tráfico: muchas veces el problema está en el mensaje, la confianza o el llamado a la acción. Si tu sitio recibe visitas pero no genera cotizaciones, reservas, compras o contactos, no siempre necesitas más anuncios ni más publicaciones. Necesitas entender el cuello de botella. Preguntas reales que aparecen mucho son: ¿por qué mi web no vende?, ¿cómo mejorar la conversión de mi página?, ¿mi sitio necesita SEO o mejor diseño?, ¿cómo hacer que una web para pymes genere clientes?

Primero revisa si se entiende qué ofreces en los primeros segundos. Un mensaje confuso hace que la persona no sepa si llegaste a resolver su problema. Por ejemplo, no es lo mismo decir “soluciones digitales integrales” que “diseñamos páginas web para empresas chilenas que necesitan más contactos desde Google”. Luego viene la confianza: casos, reseñas, marcas atendidas, garantías, datos de contacto visibles, equipo real, dirección o presencia local. Si faltan señales de respaldo, el usuario duda antes del clic, sobre todo en servicios de alto valor.

El tercer punto es el CTA. Un botón débil como “enviar” o “ver más” no guía. Un buen llamado a la acción explica el siguiente paso: “agenda una revisión”, “solicita una cotización”, “recibe diagnóstico SEO”. Errores comunes: poner demasiados botones, esconder el contacto, hablar solo de la empresa y no del problema del cliente, o medir visitas sin medir conversiones. Si tu web tiene tráfico pero no convierte, escribe por DM a PGAS para una auditoría o revisión de conversión y SEO.",#pgas #marketingdigital #paginasweb #masventas #seochile,2026-06-18,2026-06-20,dist/PGAS-IDEA-020.png,pgas_variants/01_base_3_cards.svg,"Tres cards explican que el problema puede no ser trafico sino mensaje, confianza y CTA; visual de embudo roto o visitas que no consultan.","Titulo: Si tu web no convierte, no siempre falta trafico | Card 1 Mensaje confuso | Card 2 Poca confianza | Card 3 CTA debil | Cierre: Primero encuentra el cuello de botella.","{""badge"":""Conversión"",""subtitle"":""A veces el problema no es cuánta gente llega."",""cards"":[{""icon"":""chat"",""title"":""Mensaje confuso"",""text"":""No se entiende qué ofreces.""},{""icon"":""shield"",""title"":""Poca confianza"",""text"":""Falta prueba y respaldo.""},{""icon"":""target"",""title"":""CTA débil"",""text"":""No guía al siguiente paso.""}],""note"":""Primero encuentra el cuello de botella."",""cta"":{""title"":""Solicita tu auditoría"",""sub"":""Escríbeme por DM y revisamos tu caso.""}}","Usar base_3_cards; combinar enfoque auditoria + conversion, sin prometer ventas automaticas."
PGAS-IDEA-021,realizado,base_3_cards,SEO local para aparecer en mapas,¿Apareces en *Google Maps*?,"SEO local para aparecer en Google Maps puede ser la diferencia entre que te encuentren cerca o que elijan a tu competencia. Si tienes una tienda, clínica, restaurante, oficina, taller, servicio a domicilio o empresa que atiende por comuna, tu presencia local importa tanto como tu web. La gente busca cosas como: ¿cómo aparecer en Google Maps?, mejor agencia SEO local en Chile, SEO local para pymes, por qué mi negocio no aparece en Google, cómo mejorar mi ficha de Google Business Profile.

La base es una ficha clara y actualizada: nombre correcto, categoría principal precisa, horarios, teléfono, sitio web, servicios, fotos reales y ubicación bien configurada. No sirve poner categorías genéricas si Google no entiende qué vendes. Si eres dentista en Ñuñoa, cafetería en Providencia o empresa de climatización en Santiago, tu ficha y tu web deben decirlo con claridad. También importan las reseñas reales: no solo la cantidad, sino la frecuencia, el contenido y la respuesta del negocio. Una reseña que menciona el servicio y la zona ayuda a generar confianza antes del clic.

Tu web también debe reforzar la zona visible. Incluye comunas atendidas, dirección, mapas, páginas de servicio local y contenido útil para búsquedas cercanas. Errores comunes: tener la ficha abandonada, usar un teléfono distinto al de la web, no responder reseñas, copiar descripciones de competidores o intentar posicionar en todas las ciudades sin presencia real. Si vendes local, el SEO local no es accesorio: es captura de demanda cercana. Si quieres saber si tu negocio puede aparecer mejor en mapas, escribe por DM a PGAS para una auditoría o revisión local.",#pgas #seo #seolocal #googlemaps #seochile,2026-06-21,2026-06-21,dist/PGAS-IDEA-021.png,,,,"{""badge"":""SEO Local"",""subtitle"":""Haz que te encuentren cerca"",""cards"":[{""icon"":""globe"",""title"":""Ficha clara"",""text"":""Categoría y datos al día.""},{""icon"":""users"",""title"":""Reseñas reales"",""text"":""Confianza antes del clic.""},{""icon"":""target"",""title"":""Zona visible"",""text"":""Tu web debe decir dónde atiendes.""}],""note"":""Si vendes local, esto importa."",""cta"":{""title"":""Solicita tu auditoría"",""sub"":""Escríbeme por DM y revisamos tu caso.""}}",
PGAS-IDEA-022,realizado,checklist,Intención de búsqueda antes de publicar,No publiques sin *intención*,"Intención de búsqueda antes de publicar es lo que separa un contenido útil de una publicación hecha solo por cumplir. Antes de escribir un blog, una página de servicio o un post, hay que entender qué quiere resolver la persona. No basta con elegir una keyword con volumen. Preguntas reales como ¿qué es la intención de búsqueda?, cómo elegir temas para blog, qué publicar para mejorar SEO, contenido SEO para pymes o por qué mis artículos no posicionan en Google apuntan al mismo problema: publicar sin intención clara.

La intención puede ser informativa, comparativa, transaccional o local. Si alguien busca “qué es SEO”, espera una explicación simple. Si busca “mejor agencia SEO en Chile”, compara opciones. Si escribe “precio desarrollo web para pymes”, está más cerca de cotizar. Por eso cada contenido debe responder una pregunta real, entregar una respuesta directa, incluir ejemplos útiles y cerrar con un CTA coherente. Ejemplo: un artículo sobre “cómo aparecer en Google Maps” debería explicar Google Business Profile, reseñas, categorías, ubicación y errores comunes, no terminar vendiendo desarrollo web sin conexión con el tema.

Errores frecuentes: escribir para la empresa y no para el usuario, mezclar muchas intenciones en una sola página, crear títulos llamativos que no responden nada, repetir keywords sin aportar valor o cerrar con un CTA que no calza con el momento de la búsqueda. Cuando entiendes la intención, mejoras SEO, AEO, GEO y experiencia de usuario, porque respondes mejor dentro y fuera de TikTok. Guarda este post y sigue a PGAS para aprender a crear contenido con intención, no solo contenido por publicar.",#pgas #seo #intenciondebusqueda #contenidoseo #pymes,2026-06-21,2026-06-21,dist/PGAS-IDEA-022.png,,,,"{""badge"":""Checklist · SEO"",""subtitle"":""Antes de crear contenido"",""items"":[""Pregunta real"",""Intención clara"",""Respuesta directa"",""Ejemplo útil"",""CTA coherente""],""note"":""Sin intención, solo publicas por publicar."",""cta"":{""title"":""Guarda este post"",""sub"":""Úsalo antes de publicar.""}}",
PGAS-IDEA-023,realizado,proceso,Optimización para respuestas de IA,Haz que la IA *te cite*,"Optimización para respuestas de IA ya es parte del SEO moderno porque muchas personas buscan respuestas en ChatGPT, Gemini, Perplexity o resúmenes generados por Google. La pregunta no es solo cómo posicionar en Google, sino cómo hacer que la IA entienda, cite o use tu contenido como fuente confiable. Por eso aparecen búsquedas como ¿qué es AEO?, qué es GEO en marketing digital, cómo hacer que la IA recomiende mi empresa, cómo optimizar mi web para inteligencia artificial o SEO para respuestas de IA en Chile.

La imagen resume una secuencia clave: pregunta clave, respuesta precisa, fuente visible, datos claros, CTA final. En la práctica, eso significa crear páginas que respondan dudas concretas con lenguaje directo, estructura ordenada, autores o empresa identificable, fechas, ejemplos, tablas cuando aportan claridad y enlaces internos hacia servicios o recursos relacionados. Si tienes una página de “SEO para pymes”, no basta con decir que eres experto. Debes explicar qué incluye, para quién sirve, cuánto puede tardar, qué errores evita y cómo se mide. La IA necesita señales de autoridad, consistencia y contexto.

Errores comunes: escribir textos vagos, esconder quién está detrás del contenido, no citar datos propios, usar definiciones genéricas, tener páginas sin estructura o llenar el sitio de keywords sin responder preguntas reales. AEO y GEO no reemplazan al SEO técnico ni al contenido de calidad; lo amplían. Mientras más clara y verificable sea tu web, más posibilidades tiene de aparecer en respuestas, comparaciones y recomendaciones. Si quieres preparar tu sitio para búsquedas con IA, escribe por DM a PGAS para una auditoría o revisión SEO, AEO y GEO.",#pgas #marketingdigital #geo #busquedaia #auditoriaseo,2026-06-21,2026-06-21,dist/PGAS-IDEA-023.png,,,,"{""badge"":""GEO"",""subtitle"":""Prepara tu web para IA"",""cierre"":""Autoridad clara, mejores respuestas."",""steps"":[""Pregunta clave"",""Respuesta precisa"",""Fuente visible"",""Datos claros"",""CTA final""],""cta"":{""title"":""Arma tu pack"",""sub"":""Escríbeme por DM y revisamos tu caso.""}}",
PGAS-IDEA-024,realizado,checklist,Canibalización SEO en contenidos,Tu blog se *pisa solo*,"Canibalización SEO ocurre cuando varias páginas de tu sitio compiten por la misma keyword y Google no sabe cuál debería posicionar. Parece un problema menor, pero puede dividir clics, diluir autoridad y hacer que ninguna URL alcance buenos resultados. Muchas empresas publican más y más artículos pensando que eso siempre ayuda, hasta que empiezan las preguntas: ¿qué es canibalización SEO?, por qué mi blog no posiciona, cómo saber si dos páginas compiten en Google, una keyword una URL, cómo mejorar contenidos SEO para pymes.

Un ejemplo común: tener tres artículos parecidos sobre “SEO local para pymes”, otro sobre “cómo aparecer en Google Maps” y una página de servicio que también intenta posicionar por lo mismo. Si todos repiten el mismo enfoque, Google puede alternar resultados, bajar la relevancia o elegir una página menos estratégica. La solución no siempre es borrar. A veces conviene unir contenidos, redirigir URLs, actualizar el artículo principal, cambiar enfoques o crear una arquitectura donde cada página tenga una intención distinta: guía educativa, servicio, caso de éxito, comparativa o pregunta frecuente.

Errores típicos: crear contenidos por calendario sin revisar el mapa de keywords, publicar variaciones mínimas del mismo tema, no enlazar hacia la URL principal, dejar artículos antiguos compitiendo con páginas comerciales o medir solo cantidad de publicaciones. Publicar más no siempre ayuda; publicar mejor, sí. Una keyword importante necesita una URL fuerte, bien estructurada y con autoridad acumulada. Guarda este post y sigue a PGAS para aprender a ordenar contenidos, evitar canibalización SEO y mejorar el rendimiento orgánico de tu web.",#seo #pgas #canibalizacionseo #contenidoweb #pymes,2026-06-21,2026-06-21,dist/PGAS-IDEA-024.png,,,,"{""badge"":""SEO"",""subtitle"":""Una keyword, una URL fuerte."",""items"":[""Repite tema"",""Divide clics"",""Confunde Google"",""Baja autoridad"",""Une contenidos""],""note"":""Publicar más no siempre ayuda."",""cta"":{""title"":""Guarda este post"",""sub"":""Revísalo antes de publicar.""}}",
PGAS-IDEA-025,realizado,mito_realidad,AEO no es responder largo,Mito: *más texto responde mejor*,"AEO no es responder largo: es responder claro antes de entrar en detalle. En buscadores, asistentes de IA y respuestas generativas, ganar visibilidad no depende de llenar una página con párrafos interminables, sino de resolver rápido la intención del usuario. Si alguien escribe “¿qué es AEO?”, “cómo aparecer en respuestas de IA” o “por qué mi web no aparece en Google”, la primera respuesta debe ser directa, verificable y fácil de citar. Después viene el contexto: ejemplos, pasos, matices, casos de uso y preguntas relacionadas.

El error común es creer que “más palabras” significa “más autoridad”. Una respuesta larga puede ser útil, pero solo si está ordenada. Para AEO y SEO, conviene partir con una definición breve, seguir con explicación práctica y cerrar con dudas frecuentes como “AEO para pymes”, “mejor estrategia AEO en Chile” o “cómo optimizar contenido para ChatGPT y Google”. Breve no significa superficial: significa que la información importante aparece primero y el detalle acompaña, no tapa. Si tu contenido da vueltas antes de responder, el usuario se va y la IA tiene menos razones para usarlo como fuente. Guarda esta idea y sigue a PGAS para más consejos de SEO, AEO y GEO aplicados.",#seo #pgas #aeo #respuestasia #pymes,2026-06-21,2026-06-21,dist/PGAS-IDEA-025.png,,,,"{""badge"":""AEO"",""subtitle"":""Primero claridad, después detalle."",""mito"":""Más texto responde mejor."",""realidad"":""La respuesta clara gana contexto."",""cierre"":""Breve no significa superficial."",""cta"":{""title"":""Sígueme para más"",""sub"":""AEO sin vueltas.""}}",
PGAS-IDEA-026,realizado,base_3_cards,Señales de autoridad para GEO,La IA necesita *pruebas externas*,"GEO necesita señales de autoridad externas, no solo buenos textos dentro de tu web. Para que una IA recomiende una marca, debe poder comprobar que existe, qué hace, dónde opera y por qué debería confiar en ella. Por eso importan las menciones reales en otros sitios, directorios relevantes, medios, perfiles de empresa, reseñas, casos de éxito y datos consistentes. Si alguien busca “mejor agencia SEO en Chile”, “empresa de desarrollo web para pymes” o “quién hace SEO y GEO en Santiago”, la IA cruza contexto, no lee tu sitio de forma aislada.

Un error común es cambiar el nombre de la empresa, los servicios o la descripción según la plataforma: en la web dices SEO técnico, en LinkedIn marketing digital general y en un directorio apareces solo como diseño web. Esa inconsistencia debilita la confianza. Para GEO, tu marca debe ser comprobable: mismo nombre, mismos servicios, ubicación clara, perfiles actualizados y fuentes confiables que refuercen lo que afirmas. Preguntas como “¿qué es GEO?”, “cómo aparecer en respuestas de IA”, “cómo mejorar la autoridad de mi marca” o “por qué ChatGPT no recomienda mi empresa” se responden construyendo evidencia, no inflando promesas. Guarda este checklist mental y sigue a PGAS para aprender SEO, AEO y GEO con enfoque práctico.",#marketingdigital #pgas #geo #ia #pymes,2026-06-21,2026-06-21,dist/PGAS-IDEA-026.png,,,,"{""badge"":""GEO"",""subtitle"":""Tu marca debe ser comprobable."",""cards"":[{""icon"":""quote"",""title"":""Menciones reales"",""text"":""Otros sitios te nombran.""},{""icon"":""globe"",""title"":""Datos consistentes"",""text"":""Nombre y servicios coinciden.""},{""icon"":""shield"",""title"":""Fuentes confiables"",""text"":""La IA valida contexto.""}],""note"":""Sin evidencia, cuesta recomendarte."",""cta"":{""title"":""Guarda este post"",""sub"":""Revisa tu presencia externa.""}}",
PGAS-IDEA-027,realizado,proceso,Brief SEO antes de escribir,"Antes de escribir, *define esto*","Brief SEO antes de escribir es la diferencia entre contenido estratégico e improvisación. Antes de redactar un blog, una landing o una página de servicio, hay que definir qué busca la persona, qué problema quiere resolver y qué formato espera encontrar. No es lo mismo alguien que escribe “¿qué es SEO?” que quien busca “agencia SEO para pymes en Chile” o “por qué mi web no aparece en Google”. La primera intención puede necesitar una guía educativa; la segunda, una página comercial con servicios, pruebas y CTA claro.

Un buen brief SEO ordena la intención de búsqueda, el usuario objetivo, las keywords principales, preguntas frecuentes, estructura, tono, ejemplos y forma de medir resultados. También evita errores comunes: escribir solo para Google, copiar títulos de la competencia, mezclar demasiados temas en una misma página o publicar sin saber qué conversión se espera. Para AEO y GEO, el brief además debe anticipar preguntas reales como “cómo elegir palabras clave”, “qué contenido posiciona mejor”, “SEO para ecommerce en Chile” o “cuánto tarda el SEO en dar resultados”. Si el texto parte sin brief, después cuesta medir si falló la redacción, la intención o la estrategia. Guarda este proceso y sigue a PGAS para mejorar tu contenido antes de escribir la primera línea.",#seo #pgas #briefseo #contenidoseo #pymes,2026-06-21,2026-06-21,dist/PGAS-IDEA-027.png,,,,"{""badge"":""SEO"",""subtitle"":""Un buen texto parte antes."",""cierre"":""Sin brief, hay improvisación."",""steps"":[""Busca intención"",""Define usuario"",""Elige formato"",""Ordena dudas"",""Mide resultado""],""cta"":{""title"":""Guarda este post"",""sub"":""Úsalo como guía rápida.""}}",
PGAS-IDEA-028,realizado,piramide,Mapa de entidades GEO,GEO empieza con *entidades claras*,"GEO empieza con entidades claras porque la IA necesita entender de quién hablas, qué haces y cómo se conectan tus conceptos. Una entidad puede ser tu marca, un servicio, una ubicación, una industria, una persona experta o una categoría. Si PGAS habla de SEO, AEO, GEO y desarrollo web en Chile, esos elementos deben aparecer conectados de forma coherente en la web, perfiles, artículos, casos y contenidos. Así los sistemas pueden interpretar contexto, no solo palabras sueltas.

El mapa de entidades ayuda a responder preguntas como “¿qué es GEO?”, “cómo aparecer en Google con IA”, “qué relación hay entre SEO y AEO” o “mejor agencia GEO en Chile”. La lógica es simple: entidad definida, relaciones claras y contexto comprobable. Un error común es publicar contenidos aislados sin conectar servicios, públicos y problemas. Por ejemplo, una página sobre SEO técnico debería relacionarse con velocidad web, indexación, arquitectura, Core Web Vitals, auditoría SEO y resultados de negocio. Si esas relaciones no existen, la IA interpreta menos y recomienda con menos seguridad. GEO no consiste en repetir una keyword, sino en construir un ecosistema semántico donde marca, servicio, ubicación y autoridad se refuercen. Guarda esta explicación y sigue a PGAS para aprender a ordenar tu presencia digital para buscadores e IA.",#seo #pgas #geo #entidadesseo #pymes,2026-06-21,2026-06-21,dist/PGAS-IDEA-028.png,,,,"{""badge"":""GEO"",""subtitle"":""La IA conecta conceptos."",""cierre"":""Contexto claro, mejor interpretación."",""pyramid"":{""top"":""Recomendación"",""mid"":""Relaciones claras"",""base"":""Entidades definidas""},""cta"":{""title"":""Sígueme para más"",""sub"":""GEO explicado simple.""}}",
PGAS-IDEA-029,realizado,checklist,Datos estructurados para servicios,Google entiende mejor *con esquema*,"Datos estructurados para servicios ayudan a Google a entender mejor el contexto de una página, pero no reemplazan un buen contenido. El esquema o schema markup marca información clave como el tipo de servicio, la marca, preguntas frecuentes, área de atención, nombre del negocio y datos visibles para el usuario. Si tienes una página de “SEO para pymes en Chile”, no basta con escribirlo: también puedes reforzar esa información con marcado adecuado y consistencia entre contenido, metadatos y datos de empresa.

Las preguntas reales que suelen aparecer son “¿qué son los datos estructurados?”, “cómo agregar schema a mi web”, “qué schema usar para servicios”, “por qué no aparecen rich results en Google” o “cómo mejorar el SEO local en Chile”. La respuesta parte por una regla básica: el esquema debe describir contenido que realmente existe en la página. Errores comunes son marcar FAQs falsas, usar datos distintos a los visibles, poner una marca que no aparece, copiar JSON-LD sin validarlo o creer que el schema arregla una página débil. Prueba siempre con herramientas de resultados enriquecidos y revisa que el servicio sea claro, las preguntas sean útiles y los datos coincidan. El contexto también se marca, pero primero debe estar bien escrito. Guarda este checklist y sigue a PGAS para más SEO técnico explicado en simple.",#seo #pgas #schema #datosestructurados #paginasweb,2026-06-21,2026-06-21,dist/PGAS-IDEA-029.png,,,,"{""badge"":""SEO técnico"",""subtitle"":""El contexto también se marca."",""items"":[""Servicio claro"",""FAQ real"",""Marca visible"",""Datos iguales"",""Prueba rich results""],""note"":""El esquema no salva contenido débil."",""cta"":{""title"":""Guarda este post"",""sub"":""Revisa tu marcado web.""}}",
PGAS-IDEA-030,realizado,mito_realidad,GEO no es manipular IA,Mito: *engañas a la IA*,"GEO no es manipular IA: es construir evidencia para que tu marca sea entendida y recomendada con confianza. Algunas empresas creen que basta con repetir frases como “somos los mejores” o llenar una página con keywords para aparecer en respuestas generativas. Pero los sistemas de IA buscan señales: consistencia, autoridad, menciones, contenido útil, datos claros y relación entre marca, servicios y problemas del usuario. Si alguien pregunta “mejor agencia SEO en Chile” o “quién puede hacer una auditoría SEO”, la recomendación depende de confianza, no de trucos.

El error común es intentar engañar al sistema en vez de fortalecer la presencia digital. GEO funciona mejor cuando tu web explica bien qué haces, tus perfiles externos coinciden, tus servicios están claros, hay contenido que responde preguntas como “¿qué es GEO?”, “cómo aparecer en respuestas de IA”, “GEO para pymes” o “por qué mi empresa no aparece en ChatGPT”, y existen señales externas que validan tu experiencia. La confianza se demuestra con información verificable: casos, reseñas, páginas de servicio sólidas, artículos útiles, datos de contacto consistentes y una marca reconocible en distintos canales. No es magia ni atajo; es arquitectura de reputación digital. Guarda esta idea y sigue a PGAS para aprender SEO, AEO y GEO sin humo.",#marketingdigital #pgas #geo #ia #pymes,2026-06-21,2026-06-21,dist/PGAS-IDEA-030.png,,,,"{""badge"":""GEO"",""subtitle"":""No es truco, es evidencia."",""mito"":""Puedes engañar a la IA."",""realidad"":""Debes construir señales claras."",""cierre"":""La confianza se demuestra."",""cta"":{""title"":""Sígueme para más"",""sub"":""Estrategia sin humo.""}}",
PGAS-IDEA-031,realizado,base_3_cards,Búsquedas sin clic y marca,El clic ya *no siempre llega*,"Búsquedas sin clic y marca son una realidad: muchas personas encuentran la respuesta en Google, TikTok, YouTube, Maps o incluso en una IA antes de entrar a tu sitio web. Eso no significa que el SEO dejó de servir; significa que cambió la forma de medir la visibilidad digital. Cuando alguien busca “qué es AEO”, “mejor agencia SEO en Chile”, “cómo mejorar mi posicionamiento web” o “por qué mi web no aparece en Google”, puede resolver parte de su duda sin hacer clic, pero igual queda expuesto a nombres, conceptos y marcas que aparecen como referencia.

Por eso importa trabajar contenido que responda bien, que sea claro y que deje memoria de marca. Si tu empresa aparece en una respuesta rápida, en un fragmento destacado, en una comparación o en una explicación citada por herramientas de IA, quizás hoy no recibas una visita, pero sí puedes quedar en la cabeza del usuario para una compra futura. Un error común es mirar solo tráfico orgánico y pensar que “bajó el SEO”, cuando en realidad puede haber más impresiones, más consultas de marca o más búsquedas posteriores del tipo “PGAS agencia SEO”, “consultoría SEO para pymes” o “auditoría web en Chile”. Mide clics, pero también visibilidad, presencia de marca, consultas informadas y demanda futura. Guarda este post y sigue a PGAS para aprender SEO, AEO y GEO con foco real en negocio.",#seo #pgas #zeroclick #marca #pymes,2026-06-21,2026-06-21,dist/PGAS-IDEA-031.png,,,,"{""badge"":""SEO + AEO"",""subtitle"":""Visibilidad no siempre es clic."",""cards"":[{""icon"":""search"",""title"":""Respuesta rápida"",""text"":""El usuario resuelve antes.""},{""icon"":""brain"",""title"":""Recuerdo marca"",""text"":""Tu nombre queda presente.""},{""icon"":""target"",""title"":""Demanda futura"",""text"":""La visita llega después.""}],""note"":""Mide visibilidad, no solo clics."",""cta"":{""title"":""Guarda este post"",""sub"":""Mira más que tráfico.""}}",
PGAS-IDEA-032,realizado,proceso,Optimización de FAQs para AEO,Tus FAQs pueden *atraer respuestas*,"Optimización de FAQs para AEO significa transformar preguntas frecuentes en respuestas útiles que Google, buscadores e inteligencias artificiales puedan entender, citar y mostrar. No se trata de llenar una página con dudas genéricas, sino de responder lo que las personas realmente escriben: “qué es AEO”, “cómo mejorar el SEO de mi web”, “cuánto cuesta una página web en Chile”, “SEO para pymes funciona”, “por qué mi web no aparece en Google” o “mejor agencia de posicionamiento web en Chile”. Una buena FAQ ordena la intención de búsqueda y acerca al usuario a una decisión sin presionarlo.

La clave está en listar dudas reales desde ventas, soporte, búsquedas internas, comentarios, TikTok, Google Search Console y conversaciones con clientes. Después conviene agruparlas por etapa: descubrimiento, comparación, objeciones, precio, implementación y confianza. Responde primero breve y directo, pero añade contexto: ejemplos, condiciones, errores comunes y cuándo conviene pedir ayuda. Por ejemplo, ante “cómo saber si necesito SEO”, una respuesta pobre dice “si quieres más visitas”; una respuesta útil explica señales como bajo tráfico orgánico, pocas consultas calificadas, páginas sin intención clara o contenido que no responde preguntas del comprador. Evita FAQs eternas, copiadas de competidores o escritas solo para repetir keywords. Actualiza datos, precios referenciales, procesos y términos nuevos como AEO, GEO y visibilidad en IA. Una FAQ bien hecha educa, posiciona y vende sin sonar invasiva. Guarda este post y sigue a PGAS para más ideas aplicables de SEO y contenido.",#seo #pgas #aeo #faq #paginasweb,2026-06-21,2026-06-21,dist/PGAS-IDEA-032.png,,,,"{""badge"":""AEO"",""subtitle"":""Preguntas reales, respuestas útiles."",""cierre"":""Una FAQ buena vende sin presionar."",""steps"":[""Lista dudas"",""Agrupa etapas"",""Responde breve"",""Añade contexto"",""Actualiza datos""],""cta"":{""title"":""Guarda este post"",""sub"":""Optimiza tus FAQs.""}}",
PGAS-IDEA-033,realizado,checklist,Auditoría de visibilidad en IA,¿La IA *te está omitiendo*?,"Auditoría de visibilidad en IA es revisar si herramientas como ChatGPT, Gemini, Perplexity o buscadores con respuestas generativas reconocen tu marca, tus servicios y tus contenidos cuando alguien pregunta por soluciones como las tuyas. Hoy no basta con aparecer en Google: muchas personas consultan “mejor agencia SEO en Chile”, “cómo elegir una empresa de desarrollo web”, “SEO para pymes”, “qué agencia hace AEO” o “por qué mi web no aparece en Google” directamente en sistemas de IA. Si tu marca no aparece, aparece incompleta o la IA recomienda a otros, hay una brecha que se puede trabajar.

Una auditoría seria mira varias capas: si tu marca es visible, qué preguntas clave activan tu categoría, qué fuentes externas hablan de ti, si tu contenido puede ser citado, si tus servicios están explicados con claridad y si existen señales de autoridad fuera de tu sitio. También revisa errores comunes: páginas vagas, servicios sin casos concretos, contenido demasiado comercial, falta de FAQs, datos inconsistentes entre plataformas, ausencia en medios o directorios relevantes y poca claridad sobre ubicación, especialidad o experiencia. Por ejemplo, si vendes consultoría SEO B2B y no tienes páginas que respondan “cómo funciona una consultoría SEO”, “cuánto demora el posicionamiento orgánico” o “qué incluye una auditoría SEO”, la IA tendrá menos material confiable para entenderte. La visibilidad en IA no se improvisa: se corrige con contenido, estructura, autoridad y consistencia. Escribe por DM a PGAS y revisamos si tu marca está apareciendo donde tus clientes ya están preguntando.",#seo #pgas #geo #aeo #auditoriaseo,2026-06-21,2026-06-21,dist/PGAS-IDEA-033.png,,,,"{""badge"":""Auditoría GEO"",""subtitle"":""Revisamos si la IA te ve."",""items"":[""Marca visible"",""Preguntas clave"",""Fuentes externas"",""Contenido citado"",""Brechas claras""],""note"":""Si no apareces, se corrige."",""cta"":{""title"":""Solicita tu auditoría"",""sub"":""Escríbeme por DM y revisamos tu caso.""}}",
PGAS-IDEA-034,realizado,mito_realidad,Velocidad web y conversión,Mito: *solo importa verse bonito*,"Velocidad web y conversión importan tanto como el diseño: una página bonita que carga lento, confunde o no guía al usuario puede perder ventas todos los días. El mito es pensar que “verse moderno” alcanza para posicionar y vender. La realidad es que Google, las personas y los clientes potenciales evalúan la experiencia completa: cuánto demora en abrir, si se entiende el servicio, si el botón principal aparece a tiempo, si el formulario funciona en celular y si la navegación responde sin fricción. Búsquedas como “por qué mi web no vende”, “cómo mejorar la velocidad de mi sitio”, “Core Web Vitals qué es” o “mejor desarrollo web en Chile para SEO” apuntan a este problema.

La velocidad afecta el SEO porque una mala experiencia puede reducir interacción, aumentar abandono y dificultar el rastreo eficiente del sitio. También afecta la conversión: si un usuario entra desde TikTok, Google o una campaña y espera demasiado, probablemente compare con otra empresa. Errores comunes son usar imágenes pesadas, plantillas sobrecargadas, sliders innecesarios, scripts de terceros sin control, hosting débil, pop-ups invasivos y páginas de servicio sin jerarquía clara. Una web efectiva debe cargar rápido, explicar qué haces, ordenar beneficios, responder dudas, mostrar confianza y facilitar el contacto. No se trata de sacrificar diseño, sino de diseñar para que el usuario avance. Si tu sitio se ve bien, pero no genera consultas, cotizaciones o ventas, el problema puede estar en rendimiento, estructura y experiencia. Escribe por DM a PGAS y revisamos tu web para detectar oportunidades de velocidad, SEO y conversión.",#marketingdigital #pgas #velocidadweb #ux #paginasweb,2026-06-21,2026-06-21,dist/PGAS-IDEA-034.png,,,,"{""badge"":""Web"",""subtitle"":""Bonita no basta."",""mito"":""Solo importa verse bonito."",""realidad"":""Debe cargar, guiar y convertir."",""cierre"":""La experiencia también posiciona."",""cta"":{""title"":""Hablemos de tu web"",""sub"":""Escríbeme por DM y revisamos tu caso.""}}",
PGAS-IDEA-035,realizado,proceso,Consulta SEO para servicios B2B,Tu servicio necesita *ruta SEO*,"Consulta SEO para servicios B2B es construir una ruta entre lo que tus clientes buscan y las oportunidades comerciales que tu empresa necesita. En B2B, la decisión rara vez ocurre en una sola visita: una persona puede buscar “qué es una consultoría SEO”, luego “SEO para empresas B2B”, después “mejor agencia SEO en Chile” y finalmente “auditoría SEO para mi sitio web”. Si tu contenido no acompaña ese recorrido, la demanda se dispersa y terminas publicando artículos, páginas o posts sin una lógica clara de negocio.

Una buena consulta SEO parte mapeando clientes, cargos, dolores y preguntas. No es lo mismo hablarle a un gerente comercial que quiere más leads que a un equipo técnico preocupado por migración web o indexación. Luego se detectan dudas reales: “por qué mi web no aparece en Google”, “cómo conseguir leads orgánicos”, “cuánto demora el SEO”, “qué páginas necesita una empresa de servicios” o “cómo medir resultados SEO”. Con eso se priorizan páginas de servicio, contenidos comparativos, FAQs, casos, recursos y respuestas orientadas a intención de búsqueda. El error común es crear contenido solo porque una keyword tiene volumen, sin mirar si atrae compradores reales. Otro error es escribir demasiado genérico: “marketing digital para empresas” no ayuda si tu cliente busca “posicionamiento SEO para software B2B en Chile” o “desarrollo web optimizado para captar leads”. La ruta SEO convierte búsquedas en aprendizaje, confianza y contacto. Escribe por DM a PGAS y armamos una revisión inicial para ordenar tu estrategia SEO B2B.",#seo #pgas #seob2b #contenidoseo #seochile,2026-06-21,2026-06-21,dist/PGAS-IDEA-035.png,,,,"{""badge"":""Consulta SEO"",""subtitle"":""De búsquedas a oportunidades."",""cierre"":""Sin ruta, el contenido se dispersa."",""steps"":[""Mapear clientes"",""Detectar dudas"",""Priorizar páginas"",""Crear respuestas"",""Medir avances""],""cta"":{""title"":""Solicita tu auditoría"",""sub"":""Escríbeme por DM y revisamos tu caso.""}}",
PGAS-IDEA-036,realizado,base_3_cards,Pack de contenidos AEO,Convierte dudas en *respuestas vendibles*,"Pack de contenidos AEO es crear piezas pensadas para responder preguntas reales y aumentar visibilidad en Google, TikTok, buscadores e inteligencias artificiales. AEO, o Answer Engine Optimization, no reemplaza al SEO: lo complementa enfocándose en cómo las personas formulan dudas y cómo los sistemas entregan respuestas. Si alguien escribe “qué es AEO”, “cómo aparecer en respuestas de IA”, “SEO para pymes en Chile”, “mejor agencia SEO en Chile” o “por qué mi web no aparece en Google”, tu contenido debe ser claro, útil y suficientemente específico para ser entendido como una buena respuesta.

Un pack efectivo no es una tanda de textos genéricos. Parte desde dudas de compradores: objeciones, comparaciones, problemas frecuentes, costos, tiempos, señales de alerta y criterios para elegir proveedor. Luego transforma esas dudas en contenidos breves, páginas, FAQs, posts, guías o respuestas estructuradas. Por ejemplo, una empresa de desarrollo web puede necesitar contenidos sobre “qué debe tener una web que convierta”, “cómo saber si mi sitio necesita rediseño” o “qué revisar antes de invertir en SEO”. La respuesta debe ir directo al punto, pero también entregar contexto, ejemplos y pasos accionables. Errores comunes: escribir para sonar experto sin resolver nada, repetir keywords de forma forzada, publicar contenido demasiado superficial o no conectar la respuesta con un servicio concreto. Educar también vende, porque reduce dudas y mejora la confianza antes de que el cliente hable contigo. Si quieres convertir preguntas de tus clientes en contenido que posicione y genere oportunidades, escribe por DM a PGAS para revisar tu caso.",#seo #pgas #aeo #contenidoweb #emprendedoreschile,2026-06-21,2026-06-21,dist/PGAS-IDEA-036.png,,,,"{""badge"":""Pack AEO"",""subtitle"":""Contenido que responde y vende."",""cards"":[{""icon"":""help"",""title"":""Dudas reales"",""text"":""Preguntas de compradores.""},{""icon"":""chat"",""title"":""Respuestas claras"",""text"":""Sin vueltas ni relleno.""},{""icon"":""sparkles"",""title"":""Mejor visibilidad"",""text"":""Para Google e IA.""}],""note"":""Educar también acerca la venta."",""cta"":{""title"":""Arma tu pack"",""sub"":""Escríbeme por DM y revisamos tu caso.""}}",
PGAS-IDEA-037,realizado,piramide,Prioridad de contenidos SEO,No publiques *en cualquier orden*,"La prioridad de contenidos SEO define qué publicar primero para que tu sitio gane visibilidad, autoridad y clientes sin desperdiciar tiempo creando artículos al azar. Antes de producir, conviene ordenar la estrategia como una pirámide: primero las páginas de negocio, porque responden a búsquedas con intención comercial como “agencia SEO en Chile”, “desarrollo web para pymes” o “auditoría SEO”; luego las dudas frecuentes, que capturan preguntas reales como “¿qué es SEO?”, “cómo aparecer en Google”, “por qué mi web no aparece en Google” o “cuánto demora posicionar una página”; y después el contenido de apoyo, que profundiza temas relacionados y fortalece la autoridad temática de tu marca.

¿Por qué importa este orden? Porque Google no solo evalúa palabras clave, también entiende contexto, intención de búsqueda, enlaces internos y profundidad del sitio. Un error común es publicar muchos posts de blog sin tener optimizadas las páginas que venden, dejando sin base a la estrategia. Otro error es escribir contenido informativo sin conectarlo con servicios, casos, categorías o formularios. Para una pyme, por ejemplo, una buena ruta sería optimizar primero “servicio de SEO local”, luego crear una página de preguntas como “SEO para pymes: cómo funciona” y finalmente sumar artículos sobre contenidos, indexación, velocidad web, AEO, GEO y posicionamiento orgánico. Así cada pieza ayuda a la siguiente y el sitio deja de ser una colección de textos sueltos. Si te preguntas “cuál es la mejor estrategia SEO en Chile” o “cómo ordenar mis contenidos SEO”, empieza por priorizar según impacto, intención y oportunidad. Guarda esta idea para planificar tu calendario y sigue a PGAS para más estrategias de SEO, AEO, GEO y desarrollo web.",#seo #pgas #contenidoseo #keywords #pymes,2026-06-21,2026-06-21,dist/PGAS-IDEA-037.png,,,,"{""badge"":""SEO"",""subtitle"":""Prioriza antes de producir."",""cierre"":""El orden también posiciona."",""pyramid"":{""top"":""Contenido apoyo"",""mid"":""Dudas frecuentes"",""base"":""Páginas negocio""},""cta"":{""title"":""Guarda este post"",""sub"":""Planifica con foco.""}}",
